{"files":{"index.html":{"frameworks":["pg.svg.lib","pg.insight.events","pg.css.grid","pg.image.overlay","pg.code-validator","pg.project.items","pg.asset.manager","pg.bs5.lib","bs5","pg.html","pg.components"]}},"breakpoints":["576px","768px","992px","1200px","1400px"],"frameworks":["pg.svg.lib","pg.insight.events","pg.css.grid","pg.image.overlay","pg.code-validator","pg.project.items","pg.asset.manager","pg.bs5.lib","bs5","pg.html","pg.components"],"template_framework_id":"pg.bs5.lib","urls":{"index.html":{"open-page-views":[{"w":1024,"h":0}]}}}